{"cameraMode":{"drawMode":0,"name":"Shaded","section":"Shading Mode"},"sceneLighting":true,"audioPlay":false,"sceneViewState":{"m_AlwaysRefresh":false,"showFog":true,"showSkybox":true,"showFlares":true,"showImageEffects":true,"showParticleSystems":true,"showVisualEffectGraphs":true,"m_FxEnabled":true},"in2DMode":false,"pivot":{"x":150.65164184570313,"y":-33.709346771240237,"z":87.35237121582031},"rotation":{"x":0.2796979248523712,"y":0.43259769678115847,"z":-0.14372263848781587,"w":0.8452468514442444},"size":31.091978073120118,"orthographic":false}